order_id,date,region,product,revenue,cost,profit
2000,2025-04-13,North,Hardware,1975.95,1086.2,889.75
2001,2025-06-29,North,Hardware,1663.04,1295.34,367.7
2002,2025-04-03,North,Software,1556.08,856.63,699.45
2003,2025-01-15,East,Subscription,1598.86,996.67,602.19
2004,2025-04-17,East,Hardware,1831.44,814.04,1017.4
2005,2025-03-13,East,Software,220.44,129.5,90.94
2006,2025-01-21,South,Services,413.87,185.0,228.87
2007,2025-04-13,North,Subscription,1542.88,977.18,565.7
2008,2025-05-02,South,Software,874.77,449.88,424.89
2009,2025-03-16,West,Software,602.47,473.11,129.36
2010,2025-03-29,West,Software,1945.78,811.9,1133.88
2011,2025-04-27,North,Services,1149.86,916.65,233.21
2012,2025-04-10,North,Services,1196.94,942.85,254.09
2013,2025-04-14,South,Subscription,1332.92,904.12,428.8
2014,2025-06-01,East,Software,1329.6,842.6,487.0
2015,2025-05-11,West,Subscription,281.8,144.39,137.41
2016,2025-05-30,West,Services,1802.47,1049.51,752.96
2017,2025-02-22,West,Software,699.29,332.34,366.95
2018,2025-01-02,South,Services,836.03,529.59,306.44
2019,2025-03-29,West,Software,1953.91,1552.35,401.56
2020,2025-06-07,South,Subscription,1164.97,610.22,554.75
2021,2025-02-07,West,Software,1432.52,666.19,766.33
2022,2025-05-10,South,Subscription,1680.57,1310.71,369.86
2023,2025-01-21,West,Software,1304.15,739.84,564.31
2024,2025-06-10,West,Hardware,1758.92,735.38,1023.54
2025,2025-02-27,East,Services,877.63,635.6,242.03
2026,2025-01-22,West,Subscription,470.75,300.17,170.58
2027,2025-03-30,East,Software,1945.85,1433.79,512.06
2028,2025-02-18,North,Software,1043.65,590.63,453.02
2029,2025-02-28,North,Software,301.48,224.87,76.61
2030,2025-06-19,North,Software,1999.49,1596.9,402.59
2031,2025-01-15,North,Subscription,1584.18,1232.34,351.84
2032,2025-06-24,South,Subscription,645.23,374.37,270.86
2033,2025-02-20,South,Software,1917.29,1231.8,685.49
2034,2025-04-18,South,Software,1409.06,912.02,497.04
2035,2025-02-24,West,Subscription,404.4,270.39,134.01
2036,2025-03-05,South,Hardware,1590.17,966.93,623.24
2037,2025-05-11,West,Software,1193.43,745.15,448.28
2038,2025-02-20,South,Subscription,926.27,420.16,506.11
2039,2025-05-15,East,Subscription,1559.25,1010.59,548.66
2040,2025-01-21,South,Subscription,583.34,265.16,318.18
2041,2025-03-14,West,Hardware,831.06,528.53,302.53
2042,2025-06-16,South,Subscription,987.45,752.1,235.35
2043,2025-01-18,West,Software,1125.18,802.77,322.41
2044,2025-05-12,West,Hardware,1319.76,983.15,336.61
2045,2025-03-30,North,Software,464.73,358.14,106.59
2046,2025-03-01,South,Software,664.84,388.04,276.8
2047,2025-01-14,South,Hardware,1086.71,577.59,509.12
2048,2025-01-09,East,Subscription,632.26,272.09,360.17
2049,2025-03-31,North,Subscription,430.48,198.35,232.13
2050,2025-02-22,South,Services,1353.57,639.9,713.67
2051,2025-05-10,West,Software,1814.22,1069.64,744.58
2052,2025-03-25,North,Services,510.18,243.31,266.87
2053,2025-04-02,East,Software,504.08,257.8,246.28
2054,2025-04-21,North,Hardware,359.66,161.22,198.44
2055,2025-06-21,North,Services,571.4,311.82,259.58
2056,2025-01-08,South,Hardware,1442.71,599.77,842.94
2057,2025-06-24,North,Subscription,1330.22,575.59,754.63
2058,2025-02-04,South,Subscription,1857.57,788.41,1069.16
2059,2025-03-22,South,Services,1651.16,1154.66,496.5
2060,2025-06-13,North,Services,576.83,316.21,260.62
2061,2025-02-19,South,Hardware,1312.86,718.88,593.98
2062,2025-04-14,West,Hardware,1545.45,640.86,904.59
2063,2025-05-12,West,Subscription,1484.03,1125.02,359.01
2064,2025-01-02,South,Subscription,1157.8,512.75,645.05
2065,2025-05-14,South,Hardware,1158.71,575.87,582.84
2066,2025-02-23,North,Subscription,879.11,358.7,520.41
2067,2025-04-16,North,Software,580.61,308.3,272.31
2068,2025-01-04,West,Software,1802.95,1149.27,653.68
2069,2025-02-23,West,Hardware,1620.51,971.3,649.21
2070,2025-05-26,East,Services,1166.79,740.6,426.19
2071,2025-02-13,West,Services,976.99,440.65,536.34
2072,2025-06-11,North,Software,853.55,561.95,291.6
2073,2025-01-14,South,Subscription,840.97,668.24,172.73
2074,2025-04-05,North,Software,627.01,276.33,350.68
2075,2025-02-17,South,Hardware,642.72,298.4,344.32
2076,2025-01-15,East,Hardware,713.17,334.73,378.44
2077,2025-02-09,East,Software,344.42,210.03,134.39
2078,2025-03-23,West,Software,1968.28,875.52,1092.76
2079,2025-04-21,South,Services,1945.05,1451.4,493.65
2080,2025-02-22,South,Hardware,664.23,311.1,353.13
2081,2025-01-24,East,Hardware,1872.88,1166.25,706.63
2082,2025-06-03,West,Hardware,703.96,498.26,205.7
2083,2025-05-04,South,Hardware,782.62,446.23,336.39
2084,2025-02-10,North,Services,636.34,283.77,352.57
2085,2025-06-06,South,Hardware,719.53,455.1,264.43
2086,2025-01-15,East,Subscription,1066.05,653.53,412.52
2087,2025-02-14,North,Hardware,805.89,365.69,440.2
2088,2025-03-06,East,Hardware,1981.93,1048.33,933.6
2089,2025-03-30,South,Services,658.35,442.81,215.54
2090,2025-03-12,North,Software,1272.15,748.83,523.32
2091,2025-01-09,East,Subscription,827.96,639.03,188.93
2092,2025-03-29,South,Services,1937.05,871.13,1065.92
2093,2025-05-09,West,Subscription,1889.01,892.54,996.47
2094,2025-05-16,East,Software,1534.02,966.11,567.91
2095,2025-03-04,West,Software,451.59,324.29,127.3
2096,2025-05-19,South,Services,494.58,230.33,264.25
2097,2025-03-22,North,Subscription,1397.35,851.3,546.05
2098,2025-05-16,West,Software,1778.96,990.84,788.12
2099,2025-06-12,West,Services,990.44,545.51,444.93
2100,2025-06-12,East,Software,742.48,519.03,223.45
2101,2025-02-02,East,Software,617.98,469.56,148.42
2102,2025-05-03,East,Hardware,1178.4,898.63,279.77
2103,2025-01-05,East,Subscription,410.42,318.46,91.96
2104,2025-02-10,East,Subscription,802.83,365.86,436.97
2105,2025-01-28,East,Subscription,1316.13,807.29,508.84
2106,2025-05-15,East,Subscription,1619.47,746.04,873.43
2107,2025-03-13,North,Software,647.28,451.53,195.75
2108,2025-01-12,South,Services,1225.8,864.17,361.63
2109,2025-06-11,East,Hardware,815.75,594.28,221.47
2110,2025-02-02,East,Subscription,1723.61,777.34,946.27
2111,2025-02-17,West,Subscription,1635.13,752.11,883.02
2112,2025-05-31,East,Services,1500.05,1032.06,467.99
2113,2025-03-03,East,Subscription,1449.11,894.23,554.88
2114,2025-02-06,East,Subscription,822.25,388.63,433.62
2115,2025-04-09,South,Services,1250.11,700.49,549.62
2116,2025-06-21,East,Hardware,1905.11,878.9,1026.21
2117,2025-04-14,North,Services,1110.6,715.87,394.73
2118,2025-02-04,East,Services,1769.82,1367.8,402.02
2119,2025-04-11,West,Services,1453.97,1118.1,335.87
2120,2025-06-24,West,Subscription,474.57,299.22,175.35
2121,2025-05-11,South,Software,963.44,669.18,294.26
2122,2025-01-01,West,Software,1866.02,1082.92,783.1
2123,2025-01-05,South,Software,1972.71,1451.05,521.66
2124,2025-05-22,South,Subscription,1857.52,1389.35,468.17
2125,2025-04-13,East,Subscription,1264.3,707.5,556.8
2126,2025-01-27,North,Software,803.36,579.34,224.02
2127,2025-05-17,North,Hardware,800.3,447.58,352.72
2128,2025-01-15,North,Hardware,1855.74,999.39,856.35
2129,2025-03-31,South,Subscription,1527.5,887.31,640.19
2130,2025-02-11,East,Subscription,1014.39,462.91,551.48
2131,2025-05-04,West,Software,1097.06,622.66,474.4
2132,2025-06-28,West,Software,852.31,538.86,313.45
2133,2025-03-04,South,Hardware,223.57,148.77,74.8
2134,2025-04-06,East,Software,1929.93,886.74,1043.19
2135,2025-02-21,South,Hardware,353.63,282.46,71.17
2136,2025-04-06,North,Subscription,1271.69,542.8,728.89
2137,2025-05-12,East,Subscription,577.83,438.7,139.13
2138,2025-05-31,West,Hardware,543.24,225.24,318.0
2139,2025-05-23,South,Services,1216.71,518.66,698.05
2140,2025-06-20,South,Subscription,1015.92,619.46,396.46
2141,2025-01-29,West,Software,921.37,574.8,346.57
2142,2025-02-05,East,Services,527.47,392.81,134.66
2143,2025-01-13,East,Subscription,871.96,443.22,428.74
2144,2025-06-09,South,Hardware,935.72,383.79,551.93
2145,2025-03-12,West,Services,1488.75,987.89,500.86
2146,2025-03-27,North,Software,599.55,295.24,304.31
2147,2025-01-28,East,Subscription,235.48,104.0,131.48
2148,2025-03-07,East,Software,521.38,344.68,176.7
2149,2025-06-19,East,Services,378.99,188.46,190.53
2150,2025-02-14,South,Services,1740.25,1274.02,466.23
2151,2025-03-03,West,Services,1402.55,676.02,726.53
2152,2025-05-14,East,Subscription,1813.4,734.79,1078.61
2153,2025-01-28,East,Software,574.2,235.77,338.43
2154,2025-01-28,North,Subscription,1249.47,710.41,539.06
2155,2025-04-18,South,Software,1671.4,897.09,774.31
2156,2025-02-13,South,Subscription,883.45,561.98,321.47
2157,2025-03-25,West,Services,1323.47,746.13,577.34
2158,2025-01-30,South,Software,985.03,510.04,474.99
2159,2025-03-16,West,Hardware,1574.49,718.04,856.45
2160,2025-05-08,South,Hardware,1077.38,816.46,260.92
2161,2025-04-02,West,Services,965.38,394.83,570.55
2162,2025-05-09,South,Software,1174.94,767.7,407.24
2163,2025-05-01,East,Software,450.84,330.9,119.94
2164,2025-01-27,West,Hardware,1146.24,537.21,609.03
2165,2025-05-01,East,Software,233.1,178.49,54.61
2166,2025-04-26,North,Hardware,1237.73,630.77,606.96
2167,2025-01-03,North,Software,1372.56,1004.57,367.99
2168,2025-04-13,East,Software,219.79,99.95,119.84
2169,2025-06-04,North,Subscription,1773.0,1132.89,640.11
2170,2025-05-17,West,Software,1397.07,656.83,740.24
2171,2025-03-03,North,Software,953.79,527.69,426.1
2172,2025-06-14,South,Hardware,284.54,132.74,151.8
2173,2025-02-20,East,Software,349.04,223.83,125.21
2174,2025-06-21,South,Software,900.73,464.31,436.42
2175,2025-06-01,West,Services,1494.28,775.31,718.97
2176,2025-02-28,East,Hardware,1056.89,703.33,353.56
2177,2025-04-28,South,Hardware,1518.63,738.02,780.61
2178,2025-06-09,West,Subscription,672.08,428.81,243.27
2179,2025-04-06,East,Software,1093.46,698.43,395.03
2180,2025-06-29,South,Software,1587.64,702.75,884.89
2181,2025-04-23,North,Services,1510.74,903.72,607.02
2182,2025-03-03,East,Services,982.69,489.93,492.76
2183,2025-02-21,East,Hardware,1638.95,1111.01,527.94
2184,2025-01-12,South,Hardware,1262.42,687.25,575.17
2185,2025-02-08,West,Subscription,1851.16,841.77,1009.39
2186,2025-05-10,South,Software,1002.81,475.39,527.42
2187,2025-05-11,South,Services,1771.3,1227.32,543.98
2188,2025-04-23,North,Software,1385.81,938.07,447.74
2189,2025-04-11,South,Services,649.4,386.89,262.51
2190,2025-04-23,East,Subscription,1977.8,1537.98,439.82
2191,2025-03-22,East,Services,1470.04,1132.08,337.96
2192,2025-04-23,East,Hardware,1222.3,936.52,285.78
2193,2025-01-02,South,Subscription,1455.36,755.24,700.12
2194,2025-05-10,West,Services,1947.9,1514.89,433.01
2195,2025-02-23,South,Subscription,1751.68,1292.42,459.26
2196,2025-03-28,South,Subscription,1692.05,701.87,990.18
2197,2025-05-09,East,Services,614.02,275.22,338.8
2198,2025-05-27,South,Subscription,1453.32,778.91,674.41
2199,2025-05-06,East,Subscription,317.64,167.12,150.52
2200,2025-05-10,North,Services,1623.3,856.29,767.01
2201,2025-02-22,South,Software,1794.76,1160.03,634.73
2202,2025-06-21,South,Hardware,243.92,182.46,61.46
2203,2025-06-09,South,Subscription,1774.46,1085.22,689.24
2204,2025-06-09,West,Services,1637.81,1308.89,328.92
2205,2025-03-09,West,Software,1580.94,886.55,694.39
2206,2025-05-03,North,Services,1329.51,996.43,333.08
2207,2025-05-25,East,Software,1582.89,897.67,685.22
2208,2025-02-07,East,Services,1527.65,756.97,770.68
2209,2025-01-24,East,Software,838.32,431.65,406.67
2210,2025-03-10,West,Hardware,620.49,258.64,361.85
2211,2025-04-26,North,Software,1977.9,1129.6,848.3
2212,2025-04-08,North,Software,1423.37,693.61,729.76
2213,2025-05-19,South,Software,1615.42,703.94,911.48
2214,2025-05-24,South,Subscription,1782.41,1386.52,395.89
2215,2025-04-07,East,Hardware,1304.14,608.79,695.35
2216,2025-05-04,West,Services,617.01,479.47,137.54
2217,2025-03-11,East,Hardware,1293.93,782.93,511.0
2218,2025-04-03,South,Subscription,517.75,252.76,264.99
2219,2025-01-03,North,Hardware,1603.25,865.84,737.41
2220,2025-05-28,North,Hardware,1944.38,1465.12,479.26
2221,2025-06-13,East,Services,1990.83,934.81,1056.02
2222,2025-05-27,South,Subscription,1564.83,1061.59,503.24
2223,2025-03-31,West,Subscription,1668.5,817.19,851.31
2224,2025-05-27,West,Software,1166.55,743.3,423.25
2225,2025-05-28,South,Software,364.68,273.87,90.81
2226,2025-04-06,East,Subscription,433.13,327.23,105.9
2227,2025-02-21,North,Hardware,1751.83,1267.99,483.84
2228,2025-06-10,West,Software,1191.54,518.08,673.46
2229,2025-06-17,West,Services,870.84,438.82,432.02
2230,2025-05-08,North,Services,1092.58,472.45,620.13
2231,2025-02-08,West,Services,1429.87,615.49,814.38
2232,2025-03-23,North,Hardware,1091.26,646.28,444.98
2233,2025-04-14,North,Subscription,1684.43,908.12,776.31
2234,2025-05-09,South,Services,1218.32,617.46,600.86
2235,2025-01-11,South,Services,1635.37,1084.87,550.5
2236,2025-06-27,North,Subscription,1761.13,1203.46,557.67
2237,2025-05-31,East,Software,1455.45,978.14,477.31
2238,2025-06-08,East,Subscription,1554.89,720.6,834.29
2239,2025-02-11,East,Software,1769.32,728.43,1040.89
2240,2025-04-09,East,Hardware,431.97,230.69,201.28
2241,2025-01-07,South,Subscription,489.37,355.86,133.51
2242,2025-05-24,South,Software,1113.44,448.22,665.22
2243,2025-03-31,West,Software,1310.47,1038.51,271.96
2244,2025-04-22,North,Services,667.65,436.38,231.27
2245,2025-03-01,West,Software,1603.72,710.11,893.61
2246,2025-04-23,South,Subscription,1174.28,922.04,252.24
2247,2025-01-02,East,Services,1338.72,1034.58,304.14
2248,2025-05-09,North,Hardware,1887.01,1274.02,612.99
2249,2025-02-17,South,Services,741.73,506.8,234.93
2250,2025-05-20,South,Software,1247.91,671.82,576.09
2251,2025-02-06,South,Services,282.34,211.36,70.98
2252,2025-06-09,West,Subscription,1943.98,1360.52,583.46
2253,2025-01-09,East,Services,1564.87,641.34,923.53
2254,2025-04-09,East,Software,782.5,465.95,316.55
2255,2025-05-27,East,Subscription,1429.93,827.02,602.91
2256,2025-02-17,South,Hardware,1994.82,1137.99,856.83
2257,2025-05-11,North,Software,494.52,355.03,139.49
2258,2025-05-28,North,Subscription,597.39,258.64,338.75
2259,2025-06-01,South,Services,1378.12,701.88,676.24
2260,2025-02-23,North,Hardware,471.9,270.37,201.53
2261,2025-04-30,North,Subscription,955.51,626.25,329.26
2262,2025-06-10,South,Subscription,693.59,550.43,143.16
2263,2025-06-01,North,Hardware,1809.38,890.18,919.2
2264,2025-04-26,North,Subscription,256.04,169.16,86.88
2265,2025-03-16,West,Hardware,1755.84,1034.69,721.15
2266,2025-04-23,West,Services,533.95,399.1,134.85
2267,2025-06-13,North,Services,1587.66,1171.56,416.1
2268,2025-06-15,West,Subscription,1327.2,600.56,726.64
2269,2025-04-14,North,Services,1857.53,1201.19,656.34
2270,2025-03-25,South,Subscription,1066.74,476.75,589.99
2271,2025-04-22,North,Hardware,1434.02,820.43,613.59
2272,2025-04-09,South,Services,1084.87,461.81,623.06
2273,2025-06-02,South,Software,684.19,491.95,192.24
2274,2025-04-03,East,Services,1019.4,412.5,606.9
2275,2025-05-26,South,Hardware,906.49,536.62,369.87
2276,2025-05-08,East,Hardware,724.99,491.54,233.45
2277,2025-04-20,North,Services,1603.73,666.91,936.82
2278,2025-03-23,South,Subscription,388.87,193.2,195.67
2279,2025-02-23,North,Hardware,456.49,273.69,182.8
2280,2025-06-12,South,Services,1464.44,913.6,550.84
2281,2025-06-18,West,Hardware,787.63,478.16,309.47
2282,2025-06-10,North,Software,831.13,343.49,487.64
2283,2025-03-09,West,Hardware,914.46,414.33,500.13
2284,2025-02-02,East,Hardware,1441.04,1037.89,403.15
2285,2025-05-22,South,Hardware,501.47,221.56,279.91
2286,2025-01-21,East,Software,1471.66,607.26,864.4
2287,2025-02-17,South,Software,293.55,180.98,112.57
2288,2025-05-28,South,Services,1767.74,1212.02,555.72
2289,2025-05-08,South,Services,811.01,588.74,222.27
2290,2025-05-16,East,Subscription,1810.67,1120.87,689.8
2291,2025-05-15,South,Hardware,1014.17,666.75,347.42
2292,2025-05-25,North,Services,1516.86,656.27,860.59
2293,2025-05-08,South,Services,644.79,299.07,345.72
2294,2025-02-02,North,Subscription,594.59,469.93,124.66
2295,2025-06-25,West,Software,527.81,377.85,149.96
2296,2025-04-25,East,Services,1096.75,682.34,414.41
2297,2025-04-29,South,Subscription,611.22,488.08,123.14
2298,2025-01-22,North,Subscription,1370.59,657.63,712.96
2299,2025-06-07,East,Software,329.96,136.03,193.93
2300,2025-02-07,North,Subscription,1032.72,771.76,260.96
2301,2025-04-19,East,Hardware,1536.87,876.32,660.55
2302,2025-02-20,West,Services,867.87,690.01,177.86
2303,2025-01-08,West,Hardware,1760.66,1111.8,648.86
2304,2025-01-27,West,Hardware,1505.46,895.25,610.21
2305,2025-01-27,South,Subscription,1821.26,1035.73,785.53
2306,2025-01-21,South,Subscription,1266.23,968.6,297.63
2307,2025-01-30,West,Subscription,1321.34,862.34,459.0
2308,2025-04-07,East,Software,436.82,299.8,137.02
2309,2025-01-28,West,Hardware,523.43,259.11,264.32
2310,2025-04-21,South,Hardware,525.76,389.98,135.78
2311,2025-03-02,North,Software,645.02,482.67,162.35
2312,2025-02-17,East,Hardware,1126.67,612.56,514.11
2313,2025-05-27,South,Subscription,494.34,275.07,219.27
2314,2025-01-04,North,Services,664.64,440.45,224.19
2315,2025-02-04,East,Software,1592.25,720.25,872.0
2316,2025-02-18,North,Subscription,1016.82,502.74,514.08
2317,2025-01-17,East,Hardware,505.56,307.33,198.23
2318,2025-06-21,South,Services,1691.99,968.42,723.57
2319,2025-06-07,West,Services,1310.86,894.94,415.92
2320,2025-02-15,West,Hardware,501.71,208.04,293.67
2321,2025-04-27,North,Subscription,1394.85,822.76,572.09
2322,2025-01-06,North,Services,1650.21,1046.47,603.74
2323,2025-04-09,East,Hardware,570.51,253.74,316.77
2324,2025-05-04,South,Hardware,302.76,185.43,117.33
2325,2025-02-06,West,Hardware,270.82,121.56,149.26
2326,2025-01-24,South,Software,1880.98,990.27,890.71
2327,2025-04-03,North,Subscription,274.83,126.24,148.59
2328,2025-02-15,North,Hardware,1937.21,778.71,1158.5
2329,2025-04-05,South,Software,1350.42,1008.99,341.43
2330,2025-04-09,East,Services,1128.07,671.81,456.26
2331,2025-04-26,West,Hardware,451.37,185.96,265.41
2332,2025-06-09,North,Services,1468.43,705.94,762.49
2333,2025-06-10,East,Services,1945.84,851.42,1094.42
2334,2025-03-08,West,Software,998.75,746.32,252.43
2335,2025-05-08,South,Subscription,1446.73,1063.7,383.03
2336,2025-01-18,South,Subscription,1429.85,856.29,573.56
2337,2025-01-25,North,Hardware,1764.03,1108.24,655.79
2338,2025-02-23,West,Subscription,1875.71,1267.62,608.09
2339,2025-02-27,North,Software,588.22,390.32,197.9
2340,2025-03-08,North,Services,1372.22,607.4,764.82
2341,2025-04-14,West,Hardware,1998.94,838.13,1160.81
2342,2025-06-23,North,Software,932.43,697.74,234.69
2343,2025-01-24,North,Software,1220.63,848.8,371.83
2344,2025-04-24,West,Hardware,927.45,492.3,435.15
2345,2025-02-01,South,Subscription,1654.12,1166.01,488.11
2346,2025-06-24,North,Subscription,984.05,715.54,268.51
2347,2025-03-27,West,Hardware,1180.08,474.75,705.33
2348,2025-05-31,East,Software,859.63,480.08,379.55
2349,2025-05-07,North,Subscription,899.4,521.18,378.22
2350,2025-06-04,North,Services,871.85,428.0,443.85
2351,2025-05-10,South,Subscription,1286.21,858.27,427.94
2352,2025-01-17,South,Hardware,1034.29,570.84,463.45
2353,2025-04-14,South,Services,1134.35,671.16,463.19
2354,2025-06-10,North,Software,814.25,449.53,364.72
2355,2025-05-17,South,Services,1244.31,763.31,481.0
2356,2025-02-12,East,Subscription,1576.79,1143.48,433.31
2357,2025-06-25,South,Services,1919.94,781.98,1137.96
2358,2025-02-08,East,Subscription,213.61,140.77,72.84
2359,2025-06-19,West,Subscription,638.27,491.99,146.28
2360,2025-01-26,East,Services,1881.98,1017.49,864.49
2361,2025-04-09,South,Hardware,1074.57,540.2,534.37
2362,2025-02-19,West,Hardware,753.12,543.16,209.96
2363,2025-06-02,East,Services,760.35,489.77,270.58
2364,2025-06-01,South,Hardware,690.72,390.55,300.17
2365,2025-01-13,North,Hardware,526.07,353.75,172.32
2366,2025-03-01,South,Subscription,1145.29,782.94,362.35
2367,2025-05-15,West,Software,1221.16,613.79,607.37
2368,2025-02-26,West,Services,1070.38,773.24,297.14
2369,2025-02-05,North,Services,278.14,181.7,96.44
2370,2025-06-22,East,Software,1282.9,933.53,349.37
2371,2025-01-20,South,Services,610.54,296.0,314.54
2372,2025-03-06,South,Services,939.85,691.68,248.17
2373,2025-01-08,West,Services,836.16,413.69,422.47
2374,2025-05-24,North,Services,694.65,506.43,188.22
2375,2025-05-22,West,Subscription,1401.59,614.2,787.39
2376,2025-04-25,West,Hardware,1013.18,643.01,370.17
2377,2025-05-23,East,Software,1526.37,1137.33,389.04
2378,2025-04-02,East,Software,372.29,152.44,219.85
2379,2025-04-08,East,Subscription,1292.77,799.81,492.96
2380,2025-03-07,South,Software,903.63,576.33,327.3
2381,2025-02-01,South,Software,1978.01,899.16,1078.85
2382,2025-03-27,North,Hardware,927.77,530.02,397.75
2383,2025-02-20,East,Software,1446.39,1152.05,294.34
2384,2025-06-02,West,Hardware,387.4,267.2,120.2
2385,2025-03-04,South,Services,693.49,299.43,394.06
2386,2025-05-05,West,Software,1809.54,862.69,946.85
2387,2025-05-30,West,Software,607.98,329.52,278.46
2388,2025-02-27,West,Software,1134.31,484.4,649.91
2389,2025-02-27,North,Services,620.68,382.34,238.34
2390,2025-03-27,South,Services,1371.58,841.03,530.55
2391,2025-02-18,North,Hardware,799.4,533.84,265.56
2392,2025-06-29,East,Services,1391.31,866.94,524.37
2393,2025-06-19,South,Subscription,1037.37,439.9,597.47
2394,2025-03-11,West,Hardware,1923.73,904.39,1019.34
2395,2025-01-15,East,Subscription,561.68,345.06,216.62
2396,2025-02-23,South,Hardware,1010.67,709.96,300.71
2397,2025-04-11,North,Services,1396.84,1003.18,393.66
2398,2025-01-08,West,Hardware,622.36,348.35,274.01
2399,2025-02-22,West,Hardware,1986.47,1531.17,455.3
2400,2025-03-01,West,Software,1715.66,1043.78,671.88
2401,2025-04-18,South,Hardware,360.42,253.05,107.37
2402,2025-01-05,North,Software,1686.92,1202.46,484.46
2403,2025-04-13,South,Software,265.09,138.18,126.91
2404,2025-01-06,South,Software,848.25,369.04,479.21
2405,2025-04-19,East,Software,1196.84,625.0,571.84
2406,2025-04-26,West,Hardware,1004.96,643.41,361.55
2407,2025-04-04,East,Hardware,1854.91,1110.69,744.22
2408,2025-02-16,South,Services,1732.56,837.53,895.03
2409,2025-04-09,East,Software,409.46,297.67,111.79
2410,2025-02-24,East,Hardware,1780.35,1330.32,450.03
2411,2025-06-17,South,Subscription,1622.05,846.5,775.55
2412,2025-02-21,North,Subscription,925.36,434.37,490.99
2413,2025-05-24,South,Subscription,822.98,650.36,172.62
2414,2025-01-13,West,Hardware,1680.47,761.27,919.2
2415,2025-04-24,South,Software,1860.96,1106.95,754.01
2416,2025-05-04,South,Services,1576.66,740.93,835.73
2417,2025-04-16,East,Subscription,917.59,420.76,496.83
2418,2025-06-07,North,Hardware,322.71,132.42,190.29
2419,2025-05-27,North,Subscription,1933.61,1198.47,735.14
2420,2025-05-25,West,Services,978.5,513.44,465.06
2421,2025-04-30,South,Services,991.12,438.34,552.78
2422,2025-03-04,South,Services,588.87,381.49,207.38
2423,2025-01-19,West,Subscription,473.64,201.08,272.56
2424,2025-04-02,East,Hardware,1027.64,434.96,592.68
2425,2025-02-27,East,Hardware,304.01,206.12,97.89
2426,2025-03-31,North,Subscription,630.52,288.08,342.44
2427,2025-04-27,North,Services,745.9,328.51,417.39
2428,2025-03-03,West,Services,312.13,188.45,123.68
2429,2025-01-23,East,Services,1665.15,1075.83,589.32
2430,2025-05-07,West,Software,1323.01,808.12,514.89
2431,2025-05-17,East,Hardware,435.28,328.48,106.8
2432,2025-05-20,South,Services,550.32,301.08,249.24
2433,2025-05-09,West,Hardware,1689.57,1171.63,517.94
2434,2025-02-27,South,Software,219.86,124.54,95.32
2435,2025-05-02,East,Software,234.55,118.2,116.35
2436,2025-01-01,South,Subscription,446.8,274.39,172.41
2437,2025-02-03,North,Software,221.82,110.13,111.69
2438,2025-04-06,North,Software,1642.77,1287.65,355.12
2439,2025-05-06,West,Software,397.53,246.14,151.39
2440,2025-04-28,East,Software,1719.84,755.41,964.43
2441,2025-02-17,South,Hardware,470.09,249.09,221.0
2442,2025-03-30,West,Hardware,1056.83,581.63,475.2
2443,2025-04-27,West,Software,1027.0,733.28,293.72
2444,2025-05-09,North,Software,1919.6,1372.06,547.54
2445,2025-01-16,North,Software,1438.64,827.28,611.36
2446,2025-03-10,North,Software,1713.57,711.77,1001.8
2447,2025-01-22,West,Services,1030.66,674.96,355.7
2448,2025-04-03,South,Services,1811.21,1185.74,625.47
2449,2025-03-17,East,Software,319.97,194.34,125.63
2450,2025-06-03,East,Software,1527.38,923.9,603.48
2451,2025-05-24,North,Services,275.01,119.33,155.68
2452,2025-06-28,East,Software,329.75,141.3,188.45
2453,2025-03-27,West,Software,1921.7,1335.59,586.11
2454,2025-01-29,South,Subscription,733.76,396.14,337.62
2455,2025-03-10,East,Subscription,1390.47,659.19,731.28
2456,2025-02-16,East,Hardware,377.11,250.45,126.66
2457,2025-04-04,West,Services,677.08,276.5,400.58
2458,2025-05-24,West,Services,1942.15,1006.38,935.77
2459,2025-06-25,West,Services,1324.39,732.09,592.3
2460,2025-03-26,South,Subscription,418.5,270.35,148.15
2461,2025-02-08,South,Software,1359.03,831.89,527.14
2462,2025-04-10,South,Subscription,1943.28,1398.16,545.12
2463,2025-02-02,West,Subscription,1963.95,1258.41,705.54
2464,2025-04-11,North,Services,1546.53,1120.78,425.75
2465,2025-01-23,West,Hardware,430.57,230.49,200.08
2466,2025-01-10,West,Hardware,604.31,331.69,272.62
2467,2025-03-10,East,Hardware,990.93,639.32,351.61
2468,2025-04-10,South,Services,633.25,284.08,349.17
2469,2025-02-03,West,Subscription,1796.46,1182.65,613.81
2470,2025-06-29,East,Hardware,1668.7,1242.43,426.27
2471,2025-05-18,North,Services,1854.07,928.7,925.37
2472,2025-05-27,North,Hardware,1028.97,758.14,270.83
2473,2025-04-06,West,Hardware,1597.61,1058.36,539.25
2474,2025-01-01,East,Services,1181.05,937.6,243.45
2475,2025-03-10,South,Services,277.71,129.39,148.32
2476,2025-01-04,North,Software,1506.76,1095.59,411.17
2477,2025-01-16,East,Subscription,1110.53,817.66,292.87
2478,2025-01-24,North,Hardware,1176.03,748.12,427.91
2479,2025-03-21,West,Subscription,735.59,460.49,275.1
2480,2025-01-02,North,Hardware,1771.98,1159.79,612.19
2481,2025-05-08,West,Software,488.13,285.37,202.76
2482,2025-06-09,West,Services,644.02,444.75,199.27
2483,2025-03-25,North,Services,378.52,212.2,166.32
2484,2025-06-01,South,Hardware,567.26,352.85,214.41
2485,2025-05-20,West,Hardware,1308.77,621.94,686.83
2486,2025-06-27,North,Services,1610.83,1001.44,609.39
2487,2025-06-12,South,Hardware,1569.78,650.08,919.7
2488,2025-05-04,North,Hardware,564.47,442.11,122.36
2489,2025-02-02,North,Services,788.48,362.35,426.13
2490,2025-06-10,East,Hardware,1777.97,1419.77,358.2
2491,2025-06-28,West,Subscription,1007.5,693.99,313.51
2492,2025-06-20,West,Hardware,1267.48,705.49,561.99
2493,2025-04-11,North,Hardware,1452.11,582.71,869.4
2494,2025-01-12,South,Hardware,839.89,602.77,237.12
2495,2025-03-08,West,Software,1258.76,745.68,513.08
2496,2025-03-06,South,Subscription,316.74,200.18,116.56
2497,2025-06-10,East,Services,1209.19,775.57,433.62
2498,2025-06-17,South,Hardware,1648.98,837.56,811.42
2499,2025-03-15,West,Subscription,1096.86,472.55,624.31
2500,2025-02-12,South,Services,801.63,572.33,229.3
2501,2025-02-13,South,Software,1619.51,982.89,636.62
2502,2025-01-29,West,Software,465.41,247.26,218.15
2503,2025-05-21,East,Software,359.48,175.51,183.97
2504,2025-01-12,East,Services,1524.19,1218.34,305.85
2505,2025-04-05,West,Hardware,1356.62,771.24,585.38
2506,2025-02-15,West,Services,1614.17,722.07,892.1
2507,2025-05-10,South,Subscription,1711.64,947.45,764.19
2508,2025-02-04,North,Hardware,1257.98,596.02,661.96
2509,2025-03-22,North,Hardware,802.12,329.25,472.87
2510,2025-03-31,North,Hardware,1697.05,864.19,832.86
2511,2025-01-08,North,Subscription,737.71,572.66,165.05
2512,2025-04-03,South,Subscription,973.38,729.15,244.23
2513,2025-06-03,North,Services,534.98,385.75,149.23
2514,2025-03-31,South,Services,1069.34,484.83,584.51
2515,2025-06-11,West,Hardware,1510.29,904.04,606.25
2516,2025-04-25,North,Services,1513.11,1068.57,444.54
2517,2025-04-15,South,Hardware,1298.41,589.66,708.75
2518,2025-05-15,East,Services,1382.52,1082.02,300.5
2519,2025-02-27,South,Services,302.7,155.25,147.45
2520,2025-04-24,West,Subscription,644.56,491.48,153.08
2521,2025-03-16,West,Hardware,689.51,485.25,204.26
2522,2025-06-06,South,Software,1598.08,681.02,917.06
2523,2025-04-30,North,Services,260.5,110.73,149.77
2524,2025-06-13,South,Subscription,450.64,276.23,174.41
2525,2025-01-21,North,Subscription,825.22,627.11,198.11
2526,2025-06-13,South,Services,1394.82,1095.43,299.39
2527,2025-05-18,East,Services,1886.28,793.94,1092.34
2528,2025-04-11,West,Services,668.28,462.67,205.61
2529,2025-06-01,South,Software,661.75,437.86,223.89
2530,2025-06-26,South,Software,1217.59,712.99,504.6
2531,2025-04-09,North,Software,1295.35,699.23,596.12
2532,2025-02-05,North,Software,472.24,231.46,240.78
2533,2025-04-06,South,Software,1731.11,1081.06,650.05
2534,2025-06-01,North,Services,406.58,302.52,104.06
2535,2025-05-31,South,Subscription,321.8,219.83,101.97
2536,2025-02-06,North,Hardware,347.11,202.48,144.63
2537,2025-01-12,North,Hardware,498.39,387.89,110.5
2538,2025-04-23,West,Software,1404.24,821.37,582.87
2539,2025-01-13,West,Subscription,1371.75,847.98,523.77
2540,2025-01-23,West,Subscription,1122.5,811.08,311.42
2541,2025-04-09,South,Subscription,293.52,209.72,83.8
2542,2025-04-15,West,Services,665.52,310.05,355.47
2543,2025-01-30,East,Services,1562.15,949.4,612.75
2544,2025-01-17,West,Services,1780.09,1338.33,441.76
2545,2025-04-23,West,Hardware,629.83,365.61,264.22
2546,2025-03-03,South,Services,1589.62,653.12,936.5
2547,2025-03-25,North,Services,1035.08,790.48,244.6
2548,2025-04-22,North,Hardware,1096.06,484.67,611.39
2549,2025-03-27,West,Subscription,1679.79,927.53,752.26
2550,2025-05-21,East,Software,1936.06,932.23,1003.83
2551,2025-01-19,South,Services,716.85,514.08,202.77
2552,2025-06-26,West,Software,1342.25,965.3,376.95
2553,2025-04-10,East,Subscription,1847.16,1132.7,714.46
2554,2025-05-20,South,Services,1452.62,1041.97,410.65
2555,2025-05-27,East,Services,1742.92,1328.9,414.02
2556,2025-03-17,South,Subscription,1970.34,899.04,1071.3
2557,2025-01-09,North,Subscription,531.6,402.74,128.86
2558,2025-01-28,West,Services,473.79,272.96,200.83
2559,2025-05-08,South,Hardware,350.24,263.72,86.52
2560,2025-02-21,West,Subscription,1109.37,872.91,236.46
2561,2025-03-24,East,Software,1971.4,1315.25,656.15
2562,2025-04-21,North,Hardware,498.72,375.42,123.3
2563,2025-05-24,East,Subscription,492.02,199.29,292.73
2564,2025-04-27,North,Subscription,1149.32,790.44,358.88
2565,2025-03-10,South,Hardware,342.93,237.51,105.42
2566,2025-04-09,North,Services,1744.72,1269.5,475.22
2567,2025-05-20,South,Hardware,1478.44,777.28,701.16
2568,2025-01-25,East,Hardware,1678.95,980.01,698.94
2569,2025-06-29,North,Services,1089.58,796.81,292.77
2570,2025-05-03,West,Hardware,512.77,351.15,161.62
2571,2025-02-22,West,Hardware,381.15,189.03,192.12
2572,2025-05-31,West,Hardware,826.29,479.36,346.93
2573,2025-05-24,South,Subscription,1372.07,889.61,482.46
2574,2025-02-26,South,Software,1714.61,1009.07,705.54
2575,2025-02-08,East,Subscription,1341.46,604.34,737.12
2576,2025-04-19,West,Hardware,785.19,529.63,255.56
2577,2025-02-11,West,Subscription,514.79,382.13,132.66
2578,2025-06-16,West,Software,1706.67,873.32,833.35
2579,2025-05-22,East,Subscription,1449.47,877.02,572.45
2580,2025-05-02,South,Subscription,582.76,240.84,341.92
2581,2025-05-13,North,Software,1375.69,1066.6,309.09
2582,2025-06-12,West,Software,1578.92,1129.53,449.39
2583,2025-03-16,North,Subscription,668.52,510.0,158.52
2584,2025-05-26,East,Subscription,1208.79,537.18,671.61
2585,2025-03-17,West,Hardware,1028.64,767.19,261.45
2586,2025-01-09,West,Hardware,884.72,699.57,185.15
2587,2025-03-15,South,Subscription,960.59,400.38,560.21
2588,2025-05-25,West,Hardware,1852.54,948.53,904.01
2589,2025-01-07,West,Software,725.99,554.88,171.11
2590,2025-06-23,South,Subscription,1648.83,671.41,977.42
2591,2025-05-21,East,Hardware,1508.01,787.03,720.98
2592,2025-06-17,East,Software,706.74,529.42,177.32
2593,2025-06-19,South,Services,1466.63,903.85,562.78
2594,2025-05-17,West,Software,635.41,257.32,378.09
2595,2025-06-27,West,Services,742.28,474.57,267.71
2596,2025-01-27,East,Software,739.85,515.88,223.97
2597,2025-05-02,West,Subscription,1825.21,1352.31,472.9
2598,2025-01-05,North,Software,1267.8,959.62,308.18
2599,2025-01-29,East,Subscription,342.14,169.63,172.51
